index,category,split,H,W,n_tiles,runtime_s,map_min,map_max,finite
0,vial,validation,1900,1400,20,1.4204757159996007,0.0,1.0,True
1,vial,validation,1900,1400,20,1.2458382710001388,0.0,1.0,True
2,vial,validation,1900,1400,20,1.1482902819998344,0.0,1.0,True
3,vial,validation,1900,1400,20,1.1511128610000014,0.0,1.0,True
4,vial,validation,1900,1400,20,1.1428035680000903,0.0,1.0,True
5,vial,validation,1900,1400,20,1.331962191000457,0.0,1.0,True
6,vial,validation,1900,1400,20,1.263925663000009,0.0,1.0,True
7,vial,validation,1900,1400,20,1.2476083070005188,0.0,1.0,True
8,vial,validation,1900,1400,20,1.1700083480000103,0.0,1.0,True
9,vial,validation,1900,1400,20,1.3216463270000531,0.0,1.0,True
10,vial,validation,1900,1400,20,1.2505647200005114,0.0,1.0,True
11,vial,validation,1900,1400,20,1.1763247589997263,0.0,1.0,True
12,vial,validation,1900,1400,20,1.188382823000211,0.0,1.0,True
13,vial,validation,1900,1400,20,1.2835359040000185,0.0,1.0,True
14,vial,validation,1900,1400,20,1.2911442300001,0.0,1.0,True
15,vial,validation,1900,1400,20,1.1468437890007408,0.0,1.0,True
16,vial,validation,1900,1400,20,1.1858059610003693,0.0,1.0,True
17,vial,validation,1900,1400,20,1.243358203999378,0.0,1.0,True
18,vial,validation,1900,1400,20,1.3394586159993196,0.0,1.0,True
19,vial,validation,1900,1400,20,1.2806258580003487,0.0,1.0,True
