r,d,status,shape,params,peak_vram_if_measured,error,gpu_status,config_sha256,decoder_params,total_trainable_params,gpu_batch_size
64,256,PASS,"[2, 768, 4, 4]",263873,,,NOT RUN,f880b1b8a8e57efbfd34167b577d1107db3fcd0427f85db17f6ae705d1546db9,442497,706370,
64,512,PASS,"[2, 768, 4, 4]",477121,,,NOT RUN,5df884d1f04e1f5fd91e80b49b257508c66ec605b3b6062886cc926f2f190020,442497,919618,
64,768,PASS,"[2, 768, 4, 4]",690369,,,NOT RUN,8837cbbc68c319ac733df3decd17b7dbe15907d392bf0134fa598de68bfe367c,442497,1132866,
128,256,PASS,"[2, 768, 4, 4]",330113,,,NOT RUN,9159e5c2d69207d26b54dbef27b7a736a4089a5c02ea77056a9d0221059752f9,442497,772610,
128,512,PASS,"[2, 768, 4, 4]",559745,,,NOT RUN,731dccbac3b90994f224f5713998843b6a5bdd34f9c283826687b5e8296f234b,442497,1002242,
128,768,PASS,"[2, 768, 4, 4]",789377,,,NOT RUN,37901e58aa3982534b0aeb429de254d06ee8c7c64a3188cc21dd2c58f9f2f985,442497,1231874,
256,256,PASS,"[2, 768, 4, 4]",462593,,,NOT RUN,e3a64335584a085e9d8e00fe3495f09fdd86f9c51589f007032671d4cb1096f1,442497,905090,
256,512,PASS,"[2, 768, 4, 4]",724993,,,NOT RUN,bb01bf63783164a77ac533bfb262cb606d6797cac6d6f1241313d447dfdb0851,442497,1167490,
256,768,PASS,"[2, 768, 4, 4]",987393,,,NOT RUN,007914b2b6dc5e86f625fc24efe1241ffab3a3b5dd293b013e450f67001261e7,442497,1429890,
